{"cameraMode":{"drawMode":0,"name":"Shaded","section":"Shading Mode"},"sceneLighting":true,"audioPlay":false,"sceneViewState":{"showFog":true,"showMaterialUpdate":false,"showSkybox":true,"showFlares":true,"showImageEffects":true,"showParticleSystems":true},"in2DMode":false,"pivot":{"x":1.909327507019043,"y":1.744451642036438,"z":1.6320056915283204},"rotation":{"x":-0.006308510433882475,"y":-0.021899430081248285,"z":0.00013814799604006112,"w":-0.9997403025627136},"size":10.0,"orthographic":false}