{"cameraMode":{"drawMode":0,"name":"Shaded","section":"Shading Mode"},"sceneLighting":true,"audioPlay":false,"sceneViewState":{"showFog":true,"showMaterialUpdate":false,"showSkybox":true,"showFlares":true,"showImageEffects":true,"showParticleSystems":true},"in2DMode":false,"pivot":{"x":1.2196358442306519,"y":2.1644110679626467,"z":1.6349034309387208},"rotation":{"x":0.014688192866742611,"y":0.01259667705744505,"z":0.00018500494479667395,"w":-0.9998127818107605},"size":10.0,"orthographic":false}