{"cameraMode":{"drawMode":0,"name":"Shaded","section":"Shading Mode"},"sceneLighting":true,"audioPlay":false,"sceneViewState":{"showFog":true,"showMaterialUpdate":false,"showSkybox":true,"showFlares":true,"showImageEffects":true,"showParticleSystems":true},"in2DMode":false,"pivot":{"x":-6.484503269195557,"y":3.503765344619751,"z":-12.022770881652832},"rotation":{"x":-0.03623463958501816,"y":-0.06082366406917572,"z":0.002209424739703536,"w":-0.9974882006645203},"size":9.699999809265137,"orthographic":false}